[{"model": "admin.logentry", "pk": 1, "fields": {"action_time": "2024-12-18T18:20:03.968Z", "user": 1, "content_type": 10, "object_id": "1", "object_repr": "can_view", "action_flag": 1, "change_message": "[{\"added\": {}}]"}}, {"model": "admin.logentry", "pk": 2, "fields": {"action_time": "2024-12-18T18:20:13.745Z", "user": 1, "content_type": 10, "object_id": "2", "object_repr": "can_delete", "action_flag": 1, "change_message": "[{\"added\": {}}]"}}, {"model": "admin.logentry", "pk": 3, "fields": {"action_time": "2024-12-18T18:20:23.223Z", "user": 1, "content_type": 10, "object_id": "3", "object_repr": "can_add", "action_flag": 1, "change_message": "[{\"added\": {}}]"}}, {"model": "admin.logentry", "pk": 4, "fields": {"action_time": "2024-12-18T18:20:40.020Z", "user": 1, "content_type": 10, "object_id": "4", "object_repr": "can_update", "action_flag": 1, "change_message": "[{\"added\": {}}]"}}, {"model": "admin.logentry", "pk": 5, "fields": {"action_time": "2024-12-18T18:21:15.096Z", "user": 1, "content_type": 6, "object_id": "bfba0c2c-67f6-4ce3-b591-0309c8a11bab", "object_repr": "Bikes", "action_flag": 1, "change_message": "[{\"added\": {}}]"}}, {"model": "admin.logentry", "pk": 6, "fields": {"action_time": "2024-12-18T18:43:37.452Z", "user": 1, "content_type": 6, "object_id": "934108cd-bbf1-4fa4-9cad-d8e18e294db3", "object_repr": "WaterFront", "action_flag": 1, "change_message": "[{\"added\": {}}]"}}, {"model": "admin.logentry", "pk": 7, "fields": {"action_time": "2024-12-18T18:44:53.601Z", "user": 1, "content_type": 8, "object_id": "1", "object_repr": "Admin", "action_flag": 1, "change_message": "[{\"added\": {}}]"}}, {"model": "admin.logentry", "pk": 8, "fields": {"action_time": "2024-12-18T18:45:16.197Z", "user": 1, "content_type": 7, "object_id": "1", "object_repr": "Bikes - Admin", "action_flag": 1, "change_message": "[{\"added\": {}}]"}}, {"model": "admin.logentry", "pk": 9, "fields": {"action_time": "2024-12-18T18:47:25.371Z", "user": 1, "content_type": 8, "object_id": "1", "object_repr": "Admin", "action_flag": 2, "change_message": "[{\"changed\": {\"fields\": [\"Permissions\"]}}]"}}, {"model": "admin.logentry", "pk": 10, "fields": {"action_time": "2024-12-19T10:59:19.507Z", "user": 1, "content_type": 8, "object_id": "2", "object_repr": "staff", "action_flag": 1, "change_message": "[{\"added\": {}}]"}}, {"model": "admin.logentry", "pk": 11, "fields": {"action_time": "2024-12-19T10:59:36.888Z", "user": 1, "content_type": 7, "object_id": "2", "object_repr": "WaterFront - staff", "action_flag": 1, "change_message": "[{\"added\": {}}]"}}, {"model": "admin.logentry", "pk": 12, "fields": {"action_time": "2024-12-19T11:01:39.792Z", "user": 1, "content_type": 7, "object_id": "2", "object_repr": "WaterFront - staff", "action_flag": 3, "change_message": ""}}, {"model": "admin.logentry", "pk": 13, "fields": {"action_time": "2024-12-19T13:11:34.547Z", "user": 1, "content_type": 8, "object_id": "1", "object_repr": "Admin", "action_flag": 2, "change_message": "[{\"changed\": {\"fields\": [\"Permissions\"]}}]"}}, {"model": "admin.logentry", "pk": 14, "fields": {"action_time": "2024-12-19T13:18:52.972Z", "user": 1, "content_type": 7, "object_id": "3", "object_repr": "WaterFront - staff", "action_flag": 1, "change_message": "[{\"added\": {}}]"}}, {"model": "admin.logentry", "pk": 15, "fields": {"action_time": "2024-12-19T13:20:46.652Z", "user": 1, "content_type": 6, "object_id": "7d638136-0682-4d53-b800-2e31036bb4d3", "object_repr": "PauShop", "action_flag": 1, "change_message": "[{\"added\": {}}]"}}, {"model": "admin.logentry", "pk": 16, "fields": {"action_time": "2024-12-19T13:22:46.197Z", "user": 1, "content_type": 14, "object_id": "1", "object_repr": "Bike", "action_flag": 1, "change_message": "[{\"added\": {}}]"}}, {"model": "admin.logentry", "pk": 17, "fields": {"action_time": "2024-12-19T17:06:26.612Z", "user": 1, "content_type": 7, "object_id": "1", "object_repr": "Bikes - staff", "action_flag": 2, "change_message": "[{\"changed\": {\"fields\": [\"Role\"]}}]"}}, {"model": "admin.logentry", "pk": 18, "fields": {"action_time": "2024-12-19T17:09:58.800Z", "user": 1, "content_type": 7, "object_id": "3", "object_repr": "WaterFront - Admin", "action_flag": 2, "change_message": "[{\"changed\": {\"fields\": [\"Role\"]}}]"}}, {"model": "admin.logentry", "pk": 19, "fields": {"action_time": "2024-12-19T17:10:35.838Z", "user": 1, "content_type": 7, "object_id": "1", "object_repr": "Bikes - Admin", "action_flag": 2, "change_message": "[{\"changed\": {\"fields\": [\"Role\"]}}]"}}, {"model": "admin.logentry", "pk": 20, "fields": {"action_time": "2024-12-19T17:10:52.179Z", "user": 1, "content_type": 7, "object_id": "3", "object_repr": "WaterFront - staff", "action_flag": 2, "change_message": "[{\"changed\": {\"fields\": [\"Role\"]}}]"}}, {"model": "admin.logentry", "pk": 21, "fields": {"action_time": "2024-12-19T17:11:10.247Z", "user": 1, "content_type": 7, "object_id": "1", "object_repr": "Bikes - staff", "action_flag": 2, "change_message": "[{\"changed\": {\"fields\": [\"Role\"]}}]"}}, {"model": "admin.logentry", "pk": 22, "fields": {"action_time": "2024-12-19T17:11:27.214Z", "user": 1, "content_type": 7, "object_id": "3", "object_repr": "WaterFront - Admin", "action_flag": 2, "change_message": "[{\"changed\": {\"fields\": [\"Role\"]}}]"}}, {"model": "admin.logentry", "pk": 23, "fields": {"action_time": "2024-12-19T17:18:02.141Z", "user": 1, "content_type": 7, "object_id": "3", "object_repr": "WaterFront - staff", "action_flag": 2, "change_message": "[{\"changed\": {\"fields\": [\"Role\"]}}]"}}, {"model": "admin.logentry", "pk": 24, "fields": {"action_time": "2024-12-19T17:18:17.289Z", "user": 1, "content_type": 7, "object_id": "1", "object_repr": "Bikes - Admin", "action_flag": 2, "change_message": "[{\"changed\": {\"fields\": [\"Role\"]}}]"}}, {"model": "admin.logentry", "pk": 25, "fields": {"action_time": "2024-12-19T19:06:35.581Z", "user": 1, "content_type": 7, "object_id": "3", "object_repr": "WaterFront - Admin", "action_flag": 2, "change_message": "[{\"changed\": {\"fields\": [\"Role\"]}}]"}}, {"model": "admin.logentry", "pk": 26, "fields": {"action_time": "2025-01-08T07:13:04.532Z", "user": 1, "content_type": 14, "object_id": "1", "object_repr": "Bike", "action_flag": 2, "change_message": "[{\"changed\": {\"fields\": [\"Image\"]}}]"}}, {"model": "admin.logentry", "pk": 27, "fields": {"action_time": "2025-01-08T07:13:37.541Z", "user": 1, "content_type": 14, "object_id": "1", "object_repr": "Bike", "action_flag": 2, "change_message": "[{\"changed\": {\"fields\": [\"Image1\"]}}]"}}, {"model": "admin.logentry", "pk": 28, "fields": {"action_time": "2025-01-08T07:14:11.786Z", "user": 1, "content_type": 14, "object_id": "1", "object_repr": "Bike", "action_flag": 2, "change_message": "[{\"changed\": {\"fields\": [\"Image2\"]}}]"}}, {"model": "admin.logentry", "pk": 29, "fields": {"action_time": "2025-01-08T07:14:57.135Z", "user": 1, "content_type": 14, "object_id": "6", "object_repr": "bike@kolo", "action_flag": 2, "change_message": "[{\"changed\": {\"fields\": [\"Image2\"]}}]"}}, {"model": "admin.logentry", "pk": 30, "fields": {"action_time": "2025-01-12T10:30:32.034Z", "user": 1, "content_type": 14, "object_id": "2", "object_repr": "bike", "action_flag": 2, "change_message": "[{\"changed\": {\"fields\": [\"Description\"]}}]"}}, {"model": "admin.logentry", "pk": 31, "fields": {"action_time": "2025-01-12T10:32:01.831Z", "user": 1, "content_type": 14, "object_id": "2", "object_repr": "bike", "action_flag": 2, "change_message": "[{\"changed\": {\"fields\": [\"Description\"]}}]"}}, {"model": "admin.logentry", "pk": 32, "fields": {"action_time": "2025-01-13T04:03:59.695Z", "user": 1, "content_type": 14, "object_id": "2", "object_repr": "bike", "action_flag": 2, "change_message": "[{\"changed\": {\"fields\": [\"Image1\", \"Image2\", \"Image3\"]}}]"}}, {"model": "admin.logentry", "pk": 33, "fields": {"action_time": "2025-01-13T10:00:57.069Z", "user": 1, "content_type": 14, "object_id": "6", "object_repr": "bike@kolo", "action_flag": 2, "change_message": "[{\"changed\": {\"fields\": [\"Image1\", \"Image3\"]}}]"}}, {"model": "admin.logentry", "pk": 34, "fields": {"action_time": "2025-01-13T10:01:18.044Z", "user": 1, "content_type": 14, "object_id": "1", "object_repr": "Bike", "action_flag": 2, "change_message": "[{\"changed\": {\"fields\": [\"Image3\"]}}]"}}, {"model": "admin.logentry", "pk": 35, "fields": {"action_time": "2025-01-13T10:02:09.273Z", "user": 1, "content_type": 14, "object_id": "9", "object_repr": "bike@kolo", "action_flag": 2, "change_message": "[{\"changed\": {\"fields\": [\"Image1\", \"Image2\", \"Image3\"]}}]"}}, {"model": "admin.logentry", "pk": 36, "fields": {"action_time": "2025-01-13T10:04:03.028Z", "user": 1, "content_type": 14, "object_id": "8", "object_repr": "bike@kolo", "action_flag": 2, "change_message": "[{\"changed\": {\"fields\": [\"Image1\", \"Image2\", \"Image3\"]}}]"}}, {"model": "admin.logentry", "pk": 37, "fields": {"action_time": "2025-01-13T10:08:06.583Z", "user": 1, "content_type": 14, "object_id": "7", "object_repr": "bike@kolo", "action_flag": 2, "change_message": "[{\"changed\": {\"fields\": [\"Image1\", \"Image2\"]}}]"}}, {"model": "admin.logentry", "pk": 38, "fields": {"action_time": "2025-01-13T10:16:43.521Z", "user": 1, "content_type": 14, "object_id": "4", "object_repr": "bike@bikes", "action_flag": 2, "change_message": "[{\"changed\": {\"fields\": [\"Image3\"]}}]"}}, {"model": "admin.logentry", "pk": 39, "fields": {"action_time": "2025-01-13T10:17:12.652Z", "user": 1, "content_type": 14, "object_id": "4", "object_repr": "bike@bikes", "action_flag": 2, "change_message": "[{\"changed\": {\"fields\": [\"Image1\"]}}]"}}, {"model": "admin.logentry", "pk": 40, "fields": {"action_time": "2025-01-13T10:17:30.691Z", "user": 1, "content_type": 14, "object_id": "4", "object_repr": "bike@bikes", "action_flag": 2, "change_message": "[{\"changed\": {\"fields\": [\"Image2\"]}}]"}}, {"model": "admin.logentry", "pk": 41, "fields": {"action_time": "2025-01-13T10:18:26.458Z", "user": 1, "content_type": 14, "object_id": "5", "object_repr": "bike@kolo", "action_flag": 2, "change_message": "[{\"changed\": {\"fields\": [\"Image1\", \"Image2\", \"Image3\"]}}]"}}, {"model": "admin.logentry", "pk": 42, "fields": {"action_time": "2025-01-13T10:19:18.375Z", "user": 1, "content_type": 14, "object_id": "3", "object_repr": "bike@", "action_flag": 2, "change_message": "[{\"changed\": {\"fields\": [\"Image1\", \"Image2\", \"Image3\"]}}]"}}, {"model": "admin.logentry", "pk": 43, "fields": {"action_time": "2025-01-13T10:20:07.420Z", "user": 1, "content_type": 14, "object_id": "7", "object_repr": "bike@kolo", "action_flag": 2, "change_message": "[{\"changed\": {\"fields\": [\"Image1\", \"Image2\", \"Image3\"]}}]"}}, {"model": "admin.logentry", "pk": 44, "fields": {"action_time": "2025-01-13T10:21:10.425Z", "user": 1, "content_type": 14, "object_id": "8", "object_repr": "bike@kolo", "action_flag": 2, "change_message": "[{\"changed\": {\"fields\": [\"Image1\", \"Image2\", \"Image3\"]}}]"}}, {"model": "admin.logentry", "pk": 45, "fields": {"action_time": "2025-01-13T10:21:39.684Z", "user": 1, "content_type": 14, "object_id": "6", "object_repr": "bike@kolo", "action_flag": 2, "change_message": "[{\"changed\": {\"fields\": [\"Image1\"]}}]"}}, {"model": "admin.logentry", "pk": 46, "fields": {"action_time": "2025-01-13T10:22:14.886Z", "user": 1, "content_type": 14, "object_id": "9", "object_repr": "bike@kolo", "action_flag": 2, "change_message": "[{\"changed\": {\"fields\": [\"Image2\"]}}]"}}, {"model": "admin.logentry", "pk": 47, "fields": {"action_time": "2025-01-21T07:29:25.151Z", "user": 1, "content_type": 8, "object_id": "2", "object_repr": "staff", "action_flag": 2, "change_message": "[{\"changed\": {\"fields\": [\"Shop\"]}}]"}}, {"model": "admin.logentry", "pk": 48, "fields": {"action_time": "2025-01-21T07:30:53.490Z", "user": 1, "content_type": 8, "object_id": "2", "object_repr": "staff", "action_flag": 2, "change_message": "[{\"changed\": {\"fields\": [\"Shop\"]}}]"}}, {"model": "admin.logentry", "pk": 49, "fields": {"action_time": "2025-01-21T18:43:45.845Z", "user": 1, "content_type": 10, "object_id": "5", "object_repr": "can_create_role", "action_flag": 1, "change_message": "[{\"added\": {}}]"}}, {"model": "admin.logentry", "pk": 50, "fields": {"action_time": "2025-01-21T18:45:21.979Z", "user": 1, "content_type": 10, "object_id": "6", "object_repr": "roles_contro_perm", "action_flag": 1, "change_message": "[{\"added\": {}}]"}}, {"model": "admin.logentry", "pk": 51, "fields": {"action_time": "2025-01-21T19:00:37.300Z", "user": 1, "content_type": 8, "object_id": "1", "object_repr": "Admin", "action_flag": 2, "change_message": "[{\"changed\": {\"fields\": [\"Permissions\"]}}]"}}, {"model": "admin.logentry", "pk": 52, "fields": {"action_time": "2025-01-21T19:18:50.493Z", "user": 1, "content_type": 10, "object_id": "5", "object_repr": "can_create_role", "action_flag": 3, "change_message": ""}}, {"model": "admin.logentry", "pk": 53, "fields": {"action_time": "2025-01-21T19:19:21.008Z", "user": 1, "content_type": 10, "object_id": "6", "object_repr": "roles_control_perm", "action_flag": 2, "change_message": "[{\"changed\": {\"fields\": [\"Name\"]}}]"}}, {"model": "admin.logentry", "pk": 54, "fields": {"action_time": "2025-01-21T19:43:55.067Z", "user": 1, "content_type": 10, "object_id": "6", "object_repr": "roles_control_permissions", "action_flag": 2, "change_message": "[{\"changed\": {\"fields\": [\"Name\"]}}]"}}, {"model": "admin.logentry", "pk": 55, "fields": {"action_time": "2025-01-21T19:56:33.088Z", "user": 1, "content_type": 7, "object_id": "3", "object_repr": "WaterFront - staff", "action_flag": 2, "change_message": "[{\"changed\": {\"fields\": [\"Role\"]}}]"}}, {"model": "admin.logentry", "pk": 56, "fields": {"action_time": "2025-01-21T20:18:38.256Z", "user": 1, "content_type": 8, "object_id": "3", "object_repr": "Manager", "action_flag": 2, "change_message": "[{\"changed\": {\"fields\": [\"Permissions\"]}}]"}}, {"model": "admin.logentry", "pk": 57, "fields": {"action_time": "2025-01-21T20:20:16.010Z", "user": 1, "content_type": 7, "object_id": "5", "object_repr": "Bikes - Manager", "action_flag": 2, "change_message": "[{\"changed\": {\"fields\": [\"User\"]}}]"}}, {"model": "admin.logentry", "pk": 58, "fields": {"action_time": "2025-01-21T20:20:30.021Z", "user": 1, "content_type": 8, "object_id": "3", "object_repr": "Manager", "action_flag": 2, "change_message": "[{\"changed\": {\"fields\": [\"Permissions\"]}}]"}}, {"model": "auth.permission", "pk": 1, "fields": {"name": "Can add log entry", "content_type": 1, "codename": "add_logentry"}}, {"model": "auth.permission", "pk": 2, "fields": {"name": "Can change log entry", "content_type": 1, "codename": "change_logentry"}}, {"model": "auth.permission", "pk": 3, "fields": {"name": "Can delete log entry", "content_type": 1, "codename": "delete_logentry"}}, {"model": "auth.permission", "pk": 4, "fields": {"name": "Can view log entry", "content_type": 1, "codename": "view_logentry"}}, {"model": "auth.permission", "pk": 5, "fields": {"name": "Can add group", "content_type": 2, "codename": "add_group"}}, {"model": "auth.permission", "pk": 6, "fields": {"name": "Can change group", "content_type": 2, "codename": "change_group"}}, {"model": "auth.permission", "pk": 7, "fields": {"name": "Can delete group", "content_type": 2, "codename": "delete_group"}}, {"model": "auth.permission", "pk": 8, "fields": {"name": "Can view group", "content_type": 2, "codename": "view_group"}}, {"model": "auth.permission", "pk": 9, "fields": {"name": "Can add permission", "content_type": 3, "codename": "add_permission"}}, {"model": "auth.permission", "pk": 10, "fields": {"name": "Can change permission", "content_type": 3, "codename": "change_permission"}}, {"model": "auth.permission", "pk": 11, "fields": {"name": "Can delete permission", "content_type": 3, "codename": "delete_permission"}}, {"model": "auth.permission", "pk": 12, "fields": {"name": "Can view permission", "content_type": 3, "codename": "view_permission"}}, {"model": "auth.permission", "pk": 13, "fields": {"name": "Can add content type", "content_type": 4, "codename": "add_contenttype"}}, {"model": "auth.permission", "pk": 14, "fields": {"name": "Can change content type", "content_type": 4, "codename": "change_contenttype"}}, {"model": "auth.permission", "pk": 15, "fields": {"name": "Can delete content type", "content_type": 4, "codename": "delete_contenttype"}}, {"model": "auth.permission", "pk": 16, "fields": {"name": "Can view content type", "content_type": 4, "codename": "view_contenttype"}}, {"model": "auth.permission", "pk": 17, "fields": {"name": "Can add session", "content_type": 5, "codename": "add_session"}}, {"model": "auth.permission", "pk": 18, "fields": {"name": "Can change session", "content_type": 5, "codename": "change_session"}}, {"model": "auth.permission", "pk": 19, "fields": {"name": "Can delete session", "content_type": 5, "codename": "delete_session"}}, {"model": "auth.permission", "pk": 20, "fields": {"name": "Can view session", "content_type": 5, "codename": "view_session"}}, {"model": "auth.permission", "pk": 21, "fields": {"name": "Can add shop", "content_type": 6, "codename": "add_shop"}}, {"model": "auth.permission", "pk": 22, "fields": {"name": "Can change shop", "content_type": 6, "codename": "change_shop"}}, {"model": "auth.permission", "pk": 23, "fields": {"name": "Can delete shop", "content_type": 6, "codename": "delete_shop"}}, {"model": "auth.permission", "pk": 24, "fields": {"name": "Can view shop", "content_type": 6, "codename": "view_shop"}}, {"model": "auth.permission", "pk": 25, "fields": {"name": "Can add shop u ser", "content_type": 7, "codename": "add_shopuser"}}, {"model": "auth.permission", "pk": 26, "fields": {"name": "Can change shop u ser", "content_type": 7, "codename": "change_shopuser"}}, {"model": "auth.permission", "pk": 27, "fields": {"name": "Can delete shop u ser", "content_type": 7, "codename": "delete_shopuser"}}, {"model": "auth.permission", "pk": 28, "fields": {"name": "Can view shop u ser", "content_type": 7, "codename": "view_shopuser"}}, {"model": "auth.permission", "pk": 29, "fields": {"name": "Can add roles", "content_type": 8, "codename": "add_roles"}}, {"model": "auth.permission", "pk": 30, "fields": {"name": "Can change roles", "content_type": 8, "codename": "change_roles"}}, {"model": "auth.permission", "pk": 31, "fields": {"name": "Can delete roles", "content_type": 8, "codename": "delete_roles"}}, {"model": "auth.permission", "pk": 32, "fields": {"name": "Can view roles", "content_type": 8, "codename": "view_roles"}}, {"model": "auth.permission", "pk": 33, "fields": {"name": "Can add account", "content_type": 9, "codename": "add_account"}}, {"model": "auth.permission", "pk": 34, "fields": {"name": "Can change account", "content_type": 9, "codename": "change_account"}}, {"model": "auth.permission", "pk": 35, "fields": {"name": "Can delete account", "content_type": 9, "codename": "delete_account"}}, {"model": "auth.permission", "pk": 36, "fields": {"name": "Can view account", "content_type": 9, "codename": "view_account"}}, {"model": "auth.permission", "pk": 37, "fields": {"name": "Can add permission", "content_type": 10, "codename": "add_permission"}}, {"model": "auth.permission", "pk": 38, "fields": {"name": "Can change permission", "content_type": 10, "codename": "change_permission"}}, {"model": "auth.permission", "pk": 39, "fields": {"name": "Can delete permission", "content_type": 10, "codename": "delete_permission"}}, {"model": "auth.permission", "pk": 40, "fields": {"name": "Can view permission", "content_type": 10, "codename": "view_permission"}}, {"model": "auth.permission", "pk": 41, "fields": {"name": "Can add order", "content_type": 11, "codename": "add_order"}}, {"model": "auth.permission", "pk": 42, "fields": {"name": "Can change order", "content_type": 11, "codename": "change_order"}}, {"model": "auth.permission", "pk": 43, "fields": {"name": "Can delete order", "content_type": 11, "codename": "delete_order"}}, {"model": "auth.permission", "pk": 44, "fields": {"name": "Can view order", "content_type": 11, "codename": "view_order"}}, {"model": "auth.permission", "pk": 45, "fields": {"name": "Can add payment", "content_type": 12, "codename": "add_payment"}}, {"model": "auth.permission", "pk": 46, "fields": {"name": "Can change payment", "content_type": 12, "codename": "change_payment"}}, {"model": "auth.permission", "pk": 47, "fields": {"name": "Can delete payment", "content_type": 12, "codename": "delete_payment"}}, {"model": "auth.permission", "pk": 48, "fields": {"name": "Can view payment", "content_type": 12, "codename": "view_payment"}}, {"model": "auth.permission", "pk": 49, "fields": {"name": "Can add order item", "content_type": 13, "codename": "add_orderitem"}}, {"model": "auth.permission", "pk": 50, "fields": {"name": "Can change order item", "content_type": 13, "codename": "change_orderitem"}}, {"model": "auth.permission", "pk": 51, "fields": {"name": "Can delete order item", "content_type": 13, "codename": "delete_orderitem"}}, {"model": "auth.permission", "pk": 52, "fields": {"name": "Can view order item", "content_type": 13, "codename": "view_orderitem"}}, {"model": "auth.permission", "pk": 53, "fields": {"name": "Can add item", "content_type": 14, "codename": "add_item"}}, {"model": "auth.permission", "pk": 54, "fields": {"name": "Can change item", "content_type": 14, "codename": "change_item"}}, {"model": "auth.permission", "pk": 55, "fields": {"name": "Can delete item", "content_type": 14, "codename": "delete_item"}}, {"model": "auth.permission", "pk": 56, "fields": {"name": "Can view item", "content_type": 14, "codename": "view_item"}}, {"model": "contenttypes.contenttype", "pk": 1, "fields": {"app_label": "admin", "model": "logentry"}}, {"model": "contenttypes.contenttype", "pk": 2, "fields": {"app_label": "auth", "model": "group"}}, {"model": "contenttypes.contenttype", "pk": 3, "fields": {"app_label": "auth", "model": "permission"}}, {"model": "contenttypes.contenttype", "pk": 4, "fields": {"app_label": "contenttypes", "model": "contenttype"}}, {"model": "contenttypes.contenttype", "pk": 5, "fields": {"app_label": "sessions", "model": "session"}}, {"model": "contenttypes.contenttype", "pk": 6, "fields": {"app_label": "shop", "model": "shop"}}, {"model": "contenttypes.contenttype", "pk": 7, "fields": {"app_label": "shop", "model": "shopuser"}}, {"model": "contenttypes.contenttype", "pk": 8, "fields": {"app_label": "shop", "model": "roles"}}, {"model": "contenttypes.contenttype", "pk": 9, "fields": {"app_label": "account", "model": "account"}}, {"model": "contenttypes.contenttype", "pk": 10, "fields": {"app_label": "account", "model": "permission"}}, {"model": "contenttypes.contenttype", "pk": 11, "fields": {"app_label": "cart", "model": "order"}}, {"model": "contenttypes.contenttype", "pk": 12, "fields": {"app_label": "cart", "model": "payment"}}, {"model": "contenttypes.contenttype", "pk": 13, "fields": {"app_label": "cart", "model": "orderitem"}}, {"model": "contenttypes.contenttype", "pk": 14, "fields": {"app_label": "item", "model": "item"}}, {"model": "sessions.session", "pk": "8ivgfmeqb9awfodfmng20zial1co3vyz", "fields": {"session_data": ".eJxVjEEOwiAQRe_C2pCBDgN16d4zEBioVA0kpV0Z765NutDtf-_9l_BhW4vfel78nMRZKHH63WLgR647SPdQb01yq-syR7kr8qBdXlvKz8vh_h2U0Mu3hgga0Tri7Kwbg47EoFgzZuuUtmaaCDEBkVFpAGMUKhsJxgFhYIri_QGzxDZI:1tY7FL:GcBQHRE1qxPAizSAaoJC3f9IMEk9XSVp-fCQcv8MYqA", "expire_date": "2025-01-29T17:32:03.476Z"}}, {"model": "sessions.session", "pk": "anmx8gbmpvgx6aeh0o21wsxszn7i3wu2", "fields": {"session_data": ".eJxVjEEOwiAQRe_C2pCBDgN16d4zEBioVA0kpV0Z765NutDtf-_9l_BhW4vfel78nMRZKHH63WLgR647SPdQb01yq-syR7kr8qBdXlvKz8vh_h2U0Mu3hgga0Tri7Kwbg47EoFgzZuuUtmaaCDEBkVFpAGMUKhsJxgFhYIri_QGzxDZI:1tY9IU:QcrhkJWT-6g6qXR60uXGgRnWBqpLJ2NPDaRr0x3jQZE", "expire_date": "2025-01-29T19:43:26.749Z"}}, {"model": "sessions.session", "pk": "b3vjct8hssia9w9ftxjyk1ke7b55a6qr", "fields": {"session_data": ".eJxVjEEOwiAQRe_C2pCBDgN16d4zEBioVA0kpV0Z765NutDtf-_9l_BhW4vfel78nMRZKHH63WLgR647SPdQb01yq-syR7kr8qBdXlvKz8vh_h2U0Mu3hgga0Tri7Kwbg47EoFgzZuuUtmaaCDEBkVFpAGMUKhsJxgFhYIri_QGzxDZI:1tXmtK:9AAOQfIW9gSomvQGJ0_0jLKHw7CZpFNXegYkfhWMkbM", "expire_date": "2025-01-28T19:47:58.875Z"}}, {"model": "sessions.session", "pk": "cqld3n2es6cugrbiyas80mbgumjg5xbv", "fields": {"session_data": ".eJxVjEEOwiAQRe_C2pCBDgN16d4zEBioVA0kpV0Z765NutDtf-_9l_BhW4vfel78nMRZKHH63WLgR647SPdQb01yq-syR7kr8qBdXlvKz8vh_h2U0Mu3hgga0Tri7Kwbg47EoFgzZuuUtmaaCDEBkVFpAGMUKhsJxgFhYIri_QGzxDZI:1tVQ8c:LaVXC5GFCknzs00wEg2X79zalFoxXqwQKq8U_9O_Krk", "expire_date": "2025-01-22T07:05:58.401Z"}}, {"model": "sessions.session", "pk": "f8gulg2acejsxcv75b05oh6ycio6cbmp", "fields": {"session_data": ".eJxVjEEOwiAQRe_C2pCBDgN16d4zEBioVA0kpV0Z765NutDtf-_9l_BhW4vfel78nMRZKHH63WLgR647SPdQb01yq-syR7kr8qBdXlvKz8vh_h2U0Mu3hgga0Tri7Kwbg47EoFgzZuuUtmaaCDEBkVFpAGMUKhsJxgFhYIri_QGzxDZI:1tNydz:9bRzPudlOQZY6Nv-7SufbehTuBeMOHpJQ5JqRuFvDMI", "expire_date": "2025-01-01T18:19:35.799Z"}}, {"model": "sessions.session", "pk": "n9n6x3k86dr5nosmwhbn0d8icf90yoru", "fields": {"session_data": ".eJxVjEEOwiAQRe_C2pCBDgN16d4zEBioVA0kpV0Z765NutDtf-_9l_BhW4vfel78nMRZKHH63WLgR647SPdQb01yq-syR7kr8qBdXlvKz8vh_h2U0Mu3hgga0Tri7Kwbg47EoFgzZuuUtmaaCDEBkVFpAGMUKhsJxgFhYIri_QGzxDZI:1taKwJ:KPX2aurs-KwqXF8ag2vmaYWnBCakLDKlV7fk-0rtoWQ", "expire_date": "2025-02-04T20:33:35.291Z"}}, {"model": "sessions.session", "pk": "q6b89b4achjwr40zuvuo6trgybum9a1e", "fields": {"session_data": ".eJxVjEEOwiAQRe_C2pCBDgN16d4zEBioVA0kpV0Z765NutDtf-_9l_BhW4vfel78nMRZKHH63WLgR647SPdQb01yq-syR7kr8qBdXlvKz8vh_h2U0Mu3hgga0Tri7Kwbg47EoFgzZuuUtmaaCDEBkVFpAGMUKhsJxgFhYIri_QGzxDZI:1tVjrD:YmezOnTuNEdj0LD0hZmlj_5Fz-C8aQWaf76kPaR9AG0", "expire_date": "2025-01-23T04:09:19.565Z"}}, {"model": "sessions.session", "pk": "t04ksdj0r3s4wb05zolljdas04f4y6jq", "fields": {"session_data": ".eJxVjEEOwiAQRe_C2pCBDgN16d4zEBioVA0kpV0Z765NutDtf-_9l_BhW4vfel78nMRZKHH63WLgR647SPdQb01yq-syR7kr8qBdXlvKz8vh_h2U0Mu3hgga0Tri7Kwbg47EoFgzZuuUtmaaCDEBkVFpAGMUKhsJxgFhYIri_QGzxDZI:1tOLFu:NixpDdLXOpugpUdKCpN-TTCCuSb4tbUimKEnohbFbRA", "expire_date": "2025-01-02T18:28:14.117Z"}}, {"model": "sessions.session", "pk": "vm6zl0uoqq2bml7j9zvaf3zgrqitrrt7", "fields": {"session_data": ".eJxVjEEOwiAQRe_C2pCBDgN16d4zEBioVA0kpV0Z765NutDtf-_9l_BhW4vfel78nMRZKHH63WLgR647SPdQb01yq-syR7kr8qBdXlvKz8vh_h2U0Mu3hgga0Tri7Kwbg47EoFgzZuuUtmaaCDEBkVFpAGMUKhsJxgFhYIri_QGzxDZI:1tWscy:pySPZ-lqJ325rKjoVujDn74-dtPdJ_MNDRfiWDRuHCc", "expire_date": "2025-01-26T07:43:20.619Z"}}, {"model": "shop.shop", "pk": "7d638136-0682-4d53-b800-2e31036bb4d3", "fields": {"name": "PauShop", "owner": 2, "cdate": "2024-12-19T13:20:46.651Z", "udate": "2024-12-19T13:20:46.651Z"}}, {"model": "shop.shop", "pk": "934108cd-bbf1-4fa4-9cad-d8e18e294db3", "fields": {"name": "WaterFront", "owner": 1, "cdate": "2024-12-18T18:43:37.451Z", "udate": "2024-12-18T18:43:37.451Z"}}, {"model": "shop.shop", "pk": "bfba0c2c-67f6-4ce3-b591-0309c8a11bab", "fields": {"name": "Bikes", "owner": 1, "cdate": "2024-12-18T18:21:15.095Z", "udate": "2024-12-18T18:21:15.096Z"}}, {"model": "shop.roles", "pk": 1, "fields": {"name": "Admin", "shop": "bfba0c2c-67f6-4ce3-b591-0309c8a11bab", "permissions": [3, 4, 6]}}, {"model": "shop.roles", "pk": 2, "fields": {"name": "staff", "shop": "934108cd-bbf1-4fa4-9cad-d8e18e294db3", "permissions": [1]}}, {"model": "shop.roles", "pk": 3, "fields": {"name": "Manager", "shop": "bfba0c2c-67f6-4ce3-b591-0309c8a11bab", "permissions": [1, 2, 4]}}, {"model": "shop.shopuser", "pk": 1, "fields": {"shop": "bfba0c2c-67f6-4ce3-b591-0309c8a11bab", "user": 1, "role": 1, "name": "Bikes - Admin"}}, {"model": "shop.shopuser", "pk": 3, "fields": {"shop": "934108cd-bbf1-4fa4-9cad-d8e18e294db3", "user": 1, "role": 2, "name": "WaterFront - staff"}}, {"model": "shop.shopuser", "pk": 4, "fields": {"shop": "bfba0c2c-67f6-4ce3-b591-0309c8a11bab", "user": 3, "role": 3, "name": "Bikes - Manager"}}, {"model": "shop.shopuser", "pk": 5, "fields": {"shop": "bfba0c2c-67f6-4ce3-b591-0309c8a11bab", "user": 2, "role": 3, "name": "Bikes - Manager"}}, {"model": "account.account", "pk": 1, "fields": {"password": "pbkdf2_sha256$870000$WFX0MicvMzmwNyMnFH7o2u$AldTwy7UnSm2TLt9Wsfabp82S6iDJXTbUl3IA0sEslM=", "username": "japheth", "phone_number": "japheth", "date_joined": "2024-12-18", "last_login": "2025-01-21", "is_active": true, "is_staff": true, "is_superuser": true}}, {"model": "account.account", "pk": 2, "fields": {"password": "pbkdf2_sha256$870000$OFRk99sfLpZFftNsAfqKKU$Th1yUb1K1qqov4yVD4F5t2Be9Yawa5sFNiSJ+UNDen4=", "username": "pau", "phone_number": "798391330", "date_joined": "2024-12-19", "last_login": "2024-12-19", "is_active": true, "is_staff": false, "is_superuser": false}}, {"model": "account.account", "pk": 3, "fields": {"password": "pbkdf2_sha256$870000$dXPA9CjYtPSVp9fXZxbcYo$0RUO5FzOBY9S4GF7xOIQuBmpyhVZcnkAGQSh1UrepJs=", "username": "june", "phone_number": "june", "date_joined": "2025-01-06", "last_login": "2025-01-21", "is_active": true, "is_staff": false, "is_superuser": false}}, {"model": "account.account", "pk": 4, "fields": {"password": "pbkdf2_sha256$870000$sdUAg7ghFgCAj2mO3nQSZz$IIOm7388smd/NmAbV5yD0vaUa8TYC6G88e0yi7RlljU=", "username": "julius", "phone_number": "0716393818", "date_joined": "2025-01-17", "last_login": "2025-01-17", "is_active": true, "is_staff": false, "is_superuser": false}}, {"model": "account.permission", "pk": 1, "fields": {"name": "can_view"}}, {"model": "account.permission", "pk": 2, "fields": {"name": "can_delete"}}, {"model": "account.permission", "pk": 3, "fields": {"name": "can_add"}}, {"model": "account.permission", "pk": 4, "fields": {"name": "can_update"}}, {"model": "account.permission", "pk": 6, "fields": {"name": "roles_control_permissions"}}, {"model": "cart.orderitem", "pk": 1, "fields": {"item": 3, "account": null, "payment": null, "price": "60.00000", "start_time": "2025-01-14T10:05:29.875Z", "end_time": "2025-01-14T10:05:29.857Z", "active": null, "confirmed": false}}, {"model": "cart.orderitem", "pk": 2, "fields": {"item": 3, "account": null, "payment": null, "price": "60.00000", "start_time": "2025-01-14T10:05:29.875Z", "end_time": "2025-01-14T10:05:29.857Z", "active": null, "confirmed": false}}, {"model": "cart.orderitem", "pk": 3, "fields": {"item": 3, "account": null, "payment": null, "price": "40.00000", "start_time": "2025-01-14T10:05:29.875Z", "end_time": "2025-01-14T10:05:29.857Z", "active": null, "confirmed": false}}, {"model": "cart.orderitem", "pk": 4, "fields": {"item": 3, "account": null, "payment": null, "price": "40.00000", "start_time": "2025-01-14T10:05:29.875Z", "end_time": "2025-01-14T10:05:29.857Z", "active": null, "confirmed": false}}, {"model": "cart.orderitem", "pk": 5, "fields": {"item": 3, "account": null, "payment": null, "price": "40.00000", "start_time": "2025-01-14T10:05:29.875Z", "end_time": "2025-01-14T10:05:29.857Z", "active": null, "confirmed": false}}, {"model": "cart.orderitem", "pk": 6, "fields": {"item": 3, "account": null, "payment": null, "price": "40.00000", "start_time": "2025-01-14T10:05:29.875Z", "end_time": "2025-01-14T10:05:29.857Z", "active": null, "confirmed": false}}, {"model": "cart.orderitem", "pk": 7, "fields": {"item": 3, "account": null, "payment": null, "price": "60.00000", "start_time": "2025-01-14T10:05:29.875Z", "end_time": "2025-01-14T10:05:29.857Z", "active": null, "confirmed": false}}, {"model": "cart.orderitem", "pk": 8, "fields": {"item": null, "account": 1, "payment": null, "price": "40.00000", "start_time": "2025-01-14T17:46:37.054Z", "end_time": "2025-01-14T17:46:37.048Z", "active": null, "confirmed": false}}, {"model": "cart.orderitem", "pk": 9, "fields": {"item": null, "account": 1, "payment": null, "price": "40.00000", "start_time": "2025-01-14T17:47:56.815Z", "end_time": "2025-01-14T17:47:56.809Z", "active": null, "confirmed": false}}, {"model": "cart.orderitem", "pk": 10, "fields": {"item": null, "account": 1, "payment": null, "price": "40.00000", "start_time": "2025-01-14T19:17:18.740Z", "end_time": "2025-01-14T19:17:18.730Z", "active": null, "confirmed": false}}, {"model": "cart.orderitem", "pk": 11, "fields": {"item": null, "account": 1, "payment": null, "price": "40.00000", "start_time": "2025-01-14T19:21:17.206Z", "end_time": "2025-01-14T19:21:17.200Z", "active": null, "confirmed": false}}, {"model": "cart.orderitem", "pk": 12, "fields": {"item": null, "account": 1, "payment": null, "price": "40.00000", "start_time": "2025-01-14T19:23:05.831Z", "end_time": "2025-01-14T19:23:05.825Z", "active": null, "confirmed": false}}, {"model": "cart.orderitem", "pk": 13, "fields": {"item": null, "account": 1, "payment": null, "price": "40.00000", "start_time": "2025-01-14T19:28:19.522Z", "end_time": "2025-01-14T19:28:19.516Z", "active": null, "confirmed": false}}, {"model": "cart.orderitem", "pk": 14, "fields": {"item": null, "account": 1, "payment": null, "price": "40.00000", "start_time": "2025-01-14T19:29:39.750Z", "end_time": "2025-01-14T19:29:39.744Z", "active": null, "confirmed": false}}, {"model": "cart.orderitem", "pk": 15, "fields": {"item": null, "account": 1, "payment": null, "price": "40.00000", "start_time": "2025-01-14T19:29:57.328Z", "end_time": "2025-01-14T19:29:57.323Z", "active": null, "confirmed": false}}, {"model": "cart.orderitem", "pk": 16, "fields": {"item": null, "account": 1, "payment": null, "price": "40.00000", "start_time": "2025-01-14T19:31:25.227Z", "end_time": "2025-01-14T19:31:25.219Z", "active": null, "confirmed": false}}, {"model": "cart.orderitem", "pk": 17, "fields": {"item": null, "account": 1, "payment": null, "price": "40.00000", "start_time": "2025-01-14T19:46:43.434Z", "end_time": "2025-01-14T19:46:43.429Z", "active": null, "confirmed": false}}, {"model": "cart.orderitem", "pk": 18, "fields": {"item": null, "account": 1, "payment": null, "price": "40.00000", "start_time": "2025-01-14T19:48:58.812Z", "end_time": "2025-01-14T19:48:58.801Z", "active": null, "confirmed": false}}, {"model": "cart.orderitem", "pk": 19, "fields": {"item": 3, "account": 1, "payment": null, "price": "40.00000", "start_time": "2025-01-15T03:46:48.405Z", "end_time": "2025-01-15T03:46:48.400Z", "active": null, "confirmed": false}}, {"model": "cart.orderitem", "pk": 20, "fields": {"item": 6, "account": 1, "payment": null, "price": "40.00000", "start_time": "2025-01-15T03:47:33.636Z", "end_time": "2025-01-15T03:47:33.631Z", "active": null, "confirmed": false}}, {"model": "cart.orderitem", "pk": 21, "fields": {"item": 5, "account": 1, "payment": null, "price": "200.00000", "start_time": "2025-01-15T03:53:30.825Z", "end_time": "2025-01-15T03:53:30.820Z", "active": null, "confirmed": false}}, {"model": "cart.orderitem", "pk": 22, "fields": {"item": 4, "account": 1, "payment": null, "price": "200.00000", "start_time": "2025-01-15T03:54:23.291Z", "end_time": "2025-01-15T03:54:23.286Z", "active": null, "confirmed": false}}, {"model": "cart.orderitem", "pk": 23, "fields": {"item": 4, "account": 1, "payment": null, "price": "200.00000", "start_time": "2025-01-15T03:57:50.553Z", "end_time": "2025-01-15T03:57:50.547Z", "active": null, "confirmed": false}}, {"model": "cart.orderitem", "pk": 24, "fields": {"item": 4, "account": 1, "payment": null, "price": "200.00000", "start_time": "2025-01-15T04:11:31.646Z", "end_time": "2025-01-15T04:11:31.641Z", "active": null, "confirmed": false}}, {"model": "cart.orderitem", "pk": 25, "fields": {"item": 4, "account": 1, "payment": null, "price": "200.00000", "start_time": "2025-01-15T04:16:43.394Z", "end_time": null, "active": null, "confirmed": false}}, {"model": "cart.orderitem", "pk": 26, "fields": {"item": 7, "account": 1, "payment": null, "price": "100.00000", "start_time": "2025-01-15T04:47:55.475Z", "end_time": null, "active": null, "confirmed": false}}, {"model": "cart.orderitem", "pk": 27, "fields": {"item": 5, "account": 1, "payment": null, "price": "100.00000", "start_time": "2025-01-15T04:55:41.304Z", "end_time": null, "active": null, "confirmed": false}}, {"model": "cart.orderitem", "pk": 28, "fields": {"item": 2, "account": 1, "payment": null, "price": "200.00000", "start_time": "2025-01-15T05:07:58.800Z", "end_time": null, "active": null, "confirmed": false}}, {"model": "cart.orderitem", "pk": 29, "fields": {"item": 2, "account": 1, "payment": null, "price": "200.00000", "start_time": "2025-01-15T05:27:01.995Z", "end_time": null, "active": false, "confirmed": false}}, {"model": "cart.orderitem", "pk": 30, "fields": {"item": 2, "account": 1, "payment": null, "price": "200.00000", "start_time": "2025-01-15T05:36:17.566Z", "end_time": "2025-01-15T05:36:27.020Z", "active": false, "confirmed": false}}, {"model": "cart.orderitem", "pk": 31, "fields": {"item": 8, "account": 1, "payment": 11, "price": "500.00000", "start_time": "2025-01-15T17:35:01.832Z", "end_time": "2025-01-15T18:55:48.783Z", "active": false, "confirmed": false}}, {"model": "cart.orderitem", "pk": 32, "fields": {"item": 2, "account": 1, "payment": null, "price": "1.00000", "start_time": "2025-01-15T18:39:27.330Z", "end_time": null, "active": true, "confirmed": false}}, {"model": "cart.orderitem", "pk": 33, "fields": {"item": 2, "account": 1, "payment": null, "price": "150.00000", "start_time": "2025-01-15T18:42:47.095Z", "end_time": "2025-01-15T18:43:00.175Z", "active": false, "confirmed": false}}, {"model": "cart.orderitem", "pk": 34, "fields": {"item": 2, "account": 1, "payment": null, "price": "1.00000", "start_time": "2025-01-15T18:43:33.069Z", "end_time": null, "active": true, "confirmed": false}}, {"model": "cart.orderitem", "pk": 35, "fields": {"item": 2, "account": 1, "payment": null, "price": "10.00000", "start_time": "2025-01-15T18:43:58.539Z", "end_time": "2025-01-15T18:44:11.099Z", "active": false, "confirmed": false}}, {"model": "cart.orderitem", "pk": 36, "fields": {"item": 2, "account": 1, "payment": null, "price": "5.00000", "start_time": "2025-01-15T18:44:39.469Z", "end_time": "2025-01-15T18:44:51.034Z", "active": false, "confirmed": false}}, {"model": "cart.orderitem", "pk": 37, "fields": {"item": 2, "account": 1, "payment": 12, "price": "5.00000", "start_time": "2025-01-15T19:00:23.819Z", "end_time": "2025-01-15T19:00:34.003Z", "active": false, "confirmed": false}}, {"model": "cart.orderitem", "pk": 38, "fields": {"item": 6, "account": 1, "payment": null, "price": "5.00000", "start_time": "2025-01-15T19:45:45.727Z", "end_time": "2025-01-15T19:46:10.605Z", "active": false, "confirmed": false}}, {"model": "cart.orderitem", "pk": 39, "fields": {"item": 6, "account": 1, "payment": null, "price": "5.00000", "start_time": "2025-01-15T19:46:33.292Z", "end_time": "2025-01-15T19:46:47.814Z", "active": false, "confirmed": false}}, {"model": "cart.orderitem", "pk": 40, "fields": {"item": 6, "account": 1, "payment": 13, "price": "5.00000", "start_time": "2025-01-15T19:47:42.193Z", "end_time": "2025-01-15T19:47:49.582Z", "active": false, "confirmed": false}}, {"model": "cart.orderitem", "pk": 41, "fields": {"item": 6, "account": 1, "payment": 14, "price": "5.00000", "start_time": "2025-01-15T20:04:22.414Z", "end_time": "2025-01-15T20:04:38.839Z", "active": false, "confirmed": false}}, {"model": "cart.orderitem", "pk": 42, "fields": {"item": 6, "account": 1, "payment": 15, "price": "5.00000", "start_time": "2025-01-15T20:24:27.191Z", "end_time": "2025-01-15T20:24:39.399Z", "active": false, "confirmed": false}}, {"model": "cart.orderitem", "pk": 43, "fields": {"item": 6, "account": 1, "payment": 16, "price": "5.00000", "start_time": "2025-01-15T20:26:14.700Z", "end_time": "2025-01-15T20:26:26.098Z", "active": false, "confirmed": false}}, {"model": "cart.orderitem", "pk": 44, "fields": {"item": 6, "account": 1, "payment": 17, "price": "5.00000", "start_time": "2025-01-15T20:42:07.228Z", "end_time": "2025-01-15T20:42:16.523Z", "active": false, "confirmed": false}}, {"model": "cart.orderitem", "pk": 45, "fields": {"item": 2, "account": 1, "payment": 18, "price": "5.00000", "start_time": "2025-01-15T20:57:42.713Z", "end_time": "2025-01-15T20:58:01.372Z", "active": false, "confirmed": false}}, {"model": "cart.orderitem", "pk": 46, "fields": {"item": 6, "account": 1, "payment": 19, "price": "2.00000", "start_time": "2025-01-15T20:59:47.002Z", "end_time": "2025-01-15T21:00:05.768Z", "active": false, "confirmed": false}}, {"model": "cart.orderitem", "pk": 47, "fields": {"item": 6, "account": 1, "payment": 20, "price": "2.00000", "start_time": "2025-01-15T21:05:03.740Z", "end_time": "2025-01-15T21:05:13.042Z", "active": false, "confirmed": false}}, {"model": "cart.orderitem", "pk": 48, "fields": {"item": 6, "account": 1, "payment": 21, "price": "2.00000", "start_time": "2025-01-15T21:09:32.502Z", "end_time": "2025-01-15T21:09:44.786Z", "active": false, "confirmed": false}}, {"model": "cart.orderitem", "pk": 49, "fields": {"item": 6, "account": 1, "payment": 22, "price": "2.00000", "start_time": "2025-01-15T21:10:33.086Z", "end_time": "2025-01-15T21:10:46.333Z", "active": false, "confirmed": false}}, {"model": "cart.orderitem", "pk": 50, "fields": {"item": 2, "account": 1, "payment": 23, "price": "2.00000", "start_time": "2025-01-15T21:12:33.938Z", "end_time": "2025-01-15T21:12:58.567Z", "active": false, "confirmed": false}}, {"model": "cart.orderitem", "pk": 51, "fields": {"item": 2, "account": 1, "payment": 24, "price": "2.00000", "start_time": "2025-01-15T21:15:00.474Z", "end_time": "2025-01-15T21:15:08.754Z", "active": false, "confirmed": true}}, {"model": "cart.orderitem", "pk": 52, "fields": {"item": 2, "account": 1, "payment": null, "price": "2.00000", "start_time": "2025-01-15T21:18:40.167Z", "end_time": null, "active": true, "confirmed": false}}, {"model": "cart.payment", "pk": 1, "fields": {"phone_no": "254798391330", "mpesa_transaction_id": "ws_CO_14012025224748046798391330"}}, {"model": "cart.payment", "pk": 2, "fields": {"phone_no": "254798391330", "mpesa_transaction_id": "ws_CO_14012025225003468798391330"}}, {"model": "cart.payment", "pk": 3, "fields": {"phone_no": "254798391330", "mpesa_transaction_id": "ws_CO_15012025064753239798391330"}}, {"model": "cart.payment", "pk": 4, "fields": {"phone_no": "254798391330", "mpesa_transaction_id": "ws_CO_15012025064838340798391330"}}, {"model": "cart.payment", "pk": 5, "fields": {"phone_no": "254798391330", "mpesa_transaction_id": "ws_CO_15012025071236540798391330"}}, {"model": "cart.payment", "pk": 6, "fields": {"phone_no": "254798391330", "mpesa_transaction_id": "ws_CO_15012025071748261798391330"}}, {"model": "cart.payment", "pk": 7, "fields": {"phone_no": "254798391330", "mpesa_transaction_id": "ws_CO_15012025083628699798391330"}}, {"model": "cart.payment", "pk": 8, "fields": {"phone_no": "254115465443", "mpesa_transaction_id": "ws_CO_15012025214302002115465443"}}, {"model": "cart.payment", "pk": 9, "fields": {"phone_no": "254115465443", "mpesa_transaction_id": "ws_CO_15012025214409896115465443"}}, {"model": "cart.payment", "pk": 10, "fields": {"phone_no": "254115465443", "mpesa_transaction_id": "ws_CO_15012025214556015115465443"}}, {"model": "cart.payment", "pk": 11, "fields": {"phone_no": "254115465443", "mpesa_transaction_id": "ws_CO_15012025215654642115465443"}}, {"model": "cart.payment", "pk": 12, "fields": {"phone_no": "254115465443", "mpesa_transaction_id": "ws_CO_15012025220033014115465443"}}, {"model": "cart.payment", "pk": 13, "fields": {"phone_no": "254115465443", "mpesa_transaction_id": "ws_CO_15012025224748232115465443"}}, {"model": "cart.payment", "pk": 14, "fields": {"phone_no": "254115465443", "mpesa_transaction_id": "ws_CO_15012025230543932115465443"}}, {"model": "cart.payment", "pk": 15, "fields": {"phone_no": "254115465443", "mpesa_transaction_id": "ws_CO_15012025232544901115465443"}}, {"model": "cart.payment", "pk": 16, "fields": {"phone_no": "254115465443", "mpesa_transaction_id": "ws_CO_15012025232732665115465443"}}, {"model": "cart.payment", "pk": 17, "fields": {"phone_no": "254115465443", "mpesa_transaction_id": "ws_CO_15012025234217861115465443"}}, {"model": "cart.payment", "pk": 18, "fields": {"phone_no": "254115465443", "mpesa_transaction_id": "ws_CO_15012025235906628115465443"}}, {"model": "cart.payment", "pk": 19, "fields": {"phone_no": "254115465443", "mpesa_transaction_id": "ws_CO_16012025000111109115465443"}}, {"model": "cart.payment", "pk": 20, "fields": {"phone_no": "254115465443", "mpesa_transaction_id": "ws_CO_16012025000514293115465443"}}, {"model": "cart.payment", "pk": 21, "fields": {"phone_no": "254115465443", "mpesa_transaction_id": "ws_CO_16012025000946118115465443"}}, {"model": "cart.payment", "pk": 22, "fields": {"phone_no": "254115465443", "mpesa_transaction_id": "ws_CO_16012025001151510115465443"}}, {"model": "cart.payment", "pk": 23, "fields": {"phone_no": "254115465443", "mpesa_transaction_id": "ws_CO_16012025001259644115465443"}}, {"model": "cart.payment", "pk": 24, "fields": {"phone_no": "254115465443", "mpesa_transaction_id": "ws_CO_16012025001509880115465443"}}, {"model": "item.item", "pk": 1, "fields": {"shop": "7d638136-0682-4d53-b800-2e31036bb4d3", "title": "Bike", "description": "bike", "price": 40, "image": "images/7d638136-0682-4d53-b800-2e31036bb4d3/Bike-bike2.webp", "image_url": null, "image1": "", "image1_url": null, "image2": "", "image2_url": null, "image3": "", "image3_url": null, "created": "2024-12-19T13:22:46.196Z", "updated": "2025-01-13T10:01:18.043Z", "stars": 4, "category": "popular"}}, {"model": "item.item", "pk": 2, "fields": {"shop": "bfba0c2c-67f6-4ce3-b591-0309c8a11bab", "title": "bike", "description": "bikes are bikes made in kenya. Lorem ipsum dolor sit amet, consectetur adipiscing elit, sed do eiusmod tempor incididunt ut labore et dolore magna aliqua. Ut enim ad minim veniam, quis nostrud exercitation ullamco laboris nisi ut aliquip ex ea commodo consequat. Duis aute irure dolor in reprehenderit in voluptate velit esse cillum dolore eu fugiat nulla pariatur. Excepteur sint occaecat cupidatat non proident, sunt in culpa qui officia deserunt mollit anim id est laborum. Lorem ipsum dolor sit amet, consectetur adipiscing elit, sed do eiusmod tempor incididunt ut labore et dolore magna aliqua. Ut enim ad minim veniam, quis nostrud exercitation ullamco laboris nisi ut aliquip ex ea commodo consequat. Duis aute irure dolor in reprehenderit in voluptate velit esse cillum dolore eu fugiat nulla pariatur. Excepteur sint occaecat cupidatat non proident, sunt in culpa qui officia deserunt mollit anim id est laborum. Lorem ipsum dolor sit amet, consectetur adipiscing elit, sed do eiusmod tempor incididunt ut labore et dolore magna aliqua. Ut enim ad minim veniam, quis nostrud exercitation ullamco laboris nisi ut aliquip ex ea commodo consequat. Duis aute irure dolor in reprehenderit in voluptate velit esse cillum dolore eu fugiat nulla pariatur. Excepteur sint occaecat cupidatat non proident, sunt in culpa qui officia deserunt mollit anim id est laborum.\r\nLorem ipsum dolor sit amet, consectetur adipiscing elit, sed do eiusmod tempor incididunt ut labore et dolore magna aliqua. Ut enim ad minim veniam, quis nostrud exercitation ullamco laboris nisi ut aliquip ex ea commodo consequat. Duis aute irure dolor in reprehenderit in voluptate velit esse cillum dolore eu fugiat nulla pariatur. Excepteur sint occaecat cupidatat non proident, sunt in culpa qui officia deserunt mollit anim id est laborum.\r\nLorem ipsum dolor sit amet, consectetur adipiscing elit, sed do eiusmod tempor incididunt ut labore et dolore magna aliqua. Ut enim ad minim veniam, quis nostrud exercitation ullamco laboris nisi ut aliquip ex ea commodo consequat. Duis aute irure dolor in reprehenderit in voluptate velit esse cillum dolore eu fugiat nulla pariatur. Excepteur sint occaecat cupidatat non proident, sunt in culpa qui officia deserunt mollit anim id est laborum. Lorem ipsum dolor sit amet, consectetur adipiscing elit, sed do eiusmod tempor incididunt ut labore et dolore magna aliqua. Ut enim ad minim veniam, quis nostrud exercitation ullamco laboris nisi ut aliquip ex ea commodo consequat. Duis aute irure dolor in reprehenderit in voluptate velit esse cillum dolore eu fugiat nulla pariatur. Excepteur sint occaecat cupidatat non proident, sunt in culpa qui officia deserunt mollit anim id est laborum.", "price": 60, "image": "images/bfba0c2c-67f6-4ce3-b591-0309c8a11bab/bike-bike.webp", "image_url": null, "image1": "", "image1_url": null, "image2": "", "image2_url": null, "image3": "", "image3_url": null, "created": "2024-12-19T18:26:33.445Z", "updated": "2025-01-13T04:03:59.694Z", "stars": 3, "category": "featured"}}, {"model": "item.item", "pk": 3, "fields": {"shop": "934108cd-bbf1-4fa4-9cad-d8e18e294db3", "title": "bike@", "description": "bikes are different", "price": 60, "image": "images/934108cd-bbf1-4fa4-9cad-d8e18e294db3/bike-bike1.webp", "image_url": null, "image1": "", "image1_url": null, "image2": "", "image2_url": null, "image3": "", "image3_url": null, "created": "2024-12-19T18:30:00.324Z", "updated": "2025-01-13T10:19:18.372Z", "stars": 3, "category": "featured"}}, {"model": "item.item", "pk": 4, "fields": {"shop": "bfba0c2c-67f6-4ce3-b591-0309c8a11bab", "title": "bike@bikes", "description": "bikes are same", "price": 60, "image": "images/bfba0c2c-67f6-4ce3-b591-0309c8a11bab/bikebikes-bike2.webp", "image_url": null, "image1": "", "image1_url": null, "image2": "", "image2_url": null, "image3": "", "image3_url": null, "created": "2024-12-19T18:50:44.320Z", "updated": "2025-01-13T10:17:30.690Z", "stars": 3, "category": "featured"}}, {"model": "item.item", "pk": 5, "fields": {"shop": "934108cd-bbf1-4fa4-9cad-d8e18e294db3", "title": "bike@kolo", "description": "bikes are from kolo", "price": 60, "image": "images/934108cd-bbf1-4fa4-9cad-d8e18e294db3/bikekolo-bike1.webp", "image_url": null, "image1": "", "image1_url": null, "image2": "", "image2_url": null, "image3": "", "image3_url": null, "created": "2024-12-19T18:53:10.696Z", "updated": "2025-01-13T10:18:26.457Z", "stars": 3, "category": "featured"}}, {"model": "item.item", "pk": 6, "fields": {"shop": "934108cd-bbf1-4fa4-9cad-d8e18e294db3", "title": "bike@kolo", "description": "bikes are from kolo", "price": 60, "image": "images/934108cd-bbf1-4fa4-9cad-d8e18e294db3/bikekolo-bike1_WkRHLfe.webp", "image_url": null, "image1": "", "image1_url": null, "image2": "", "image2_url": null, "image3": "", "image3_url": null, "created": "2024-12-19T18:58:09.037Z", "updated": "2025-01-13T10:21:39.683Z", "stars": 3, "category": "featured"}}, {"model": "item.item", "pk": 7, "fields": {"shop": "bfba0c2c-67f6-4ce3-b591-0309c8a11bab", "title": "bike@kolo", "description": "bikes are from kolo", "price": 60, "image": "images/bfba0c2c-67f6-4ce3-b591-0309c8a11bab/bikekolo-bike1.webp", "image_url": null, "image1": "", "image1_url": null, "image2": "", "image2_url": null, "image3": "", "image3_url": null, "created": "2024-12-19T19:00:22.511Z", "updated": "2025-01-13T10:20:07.418Z", "stars": 3, "category": "featured"}}, {"model": "item.item", "pk": 8, "fields": {"shop": "934108cd-bbf1-4fa4-9cad-d8e18e294db3", "title": "bike@kolo", "description": "bikes are from kolo", "price": 60, "image": "images/934108cd-bbf1-4fa4-9cad-d8e18e294db3/bikekolo-bike1_WF4cPZ4.webp", "image_url": null, "image1": "", "image1_url": null, "image2": "", "image2_url": null, "image3": "", "image3_url": null, "created": "2024-12-19T19:06:40.723Z", "updated": "2025-01-13T10:21:10.424Z", "stars": 3, "category": "featured"}}, {"model": "item.item", "pk": 9, "fields": {"shop": "934108cd-bbf1-4fa4-9cad-d8e18e294db3", "title": "bike@kolo", "description": "bikes are from kolo", "price": 60, "image": "images/934108cd-bbf1-4fa4-9cad-d8e18e294db3/bikekolo-bike1_PfFwR4D.webp", "image_url": null, "image1": "", "image1_url": null, "image2": "", "image2_url": null, "image3": "", "image3_url": null, "created": "2024-12-19T19:07:05.717Z", "updated": "2025-01-13T10:22:14.884Z", "stars": 3, "category": "featured"}}]